,PressureDrop,AvgVelocity,Surface Area,Mass,MeanImportance
YZ Cell Size,0.08653219192459045,0.10948439712036515,0.7552528167742177,0.7864190403725166,0.4344221115479225
Velocity Inlet,0.49303576957956435,0.6928083153697383,0.0003595722325188957,0.0014583662735100627,0.2969155058638329
X Cell Size,0.4204320384958451,0.19770728750989652,0.24438761099326342,0.21212259335397313,0.26866238258824454
