{
  "train_time_s": 1.5988521999970544,
  "inference_ms_one": 233.6741000181064,
  "PressureDrop": {
    "rmse": 477.05813724552553,
    "mae": 322.61658009351777,
    "r2": 0.968675141908766
  },
  "AvgVelocity": {
    "rmse": 17.35684632564786,
    "mae": 13.94793085452583,
    "r2": 0.953925163540922
  },
  "Surface Area": {
    "rmse": 69.30824289396438,
    "mae": 54.36828301057656,
    "r2": 0.9997329433268971
  },
  "Mass": {
    "rmse": 0.2453438824430188,
    "mae": 0.18689894373370636,
    "r2": 0.9994384799730559
  },
  "_aggregate": {
    "rmse": 241.18945828601855
  }
}